GenderCode,(All)
,
Row Labels,
3427,
Uriah,
Production Technician I,
Peter Oneill,
Active,
Production       ,
MA,
3428,
Paula,
Production Technician I,
Renee Mccormick,
Active,
Production       ,
MA,
3429,
Edward,
Area Sales Manager,
Crystal Walker,
Active,
Sales,
MA,
3430,
Michael,
Area Sales Manager,
Rebekah Wright,
Active,
Sales,
ND,
3431,
Jasmine,
Area Sales Manager,
Jason Kim,
Active,
Sales,
FL,
3432,
Maruk,
Area Sales Manager,
Sheri Campos,
Active,
Sales,
CT,
3433,
Latia,
Area Sales Manager,
Jacob Braun,
Active,
Sales,
CA,
3434,
Sharlene,
Area Sales Manager,
Tracy Marquez,
Active,
Sales,
OR,
3435,
Jac,
Area Sales Manager,
Sharon Becker,
Active,
Sales,
TX,
3436,
Joseph,
Area Sales Manager,
George Jenkins,
Active,
Sales,
TX,
3437,
Myriam,
Area Sales Manager,
Troy White,
Active,
Sales,
IN,
3438,
Dheepa,
Area Sales Manager,
Brian Miller,
Active,
Sales,
GA,
3439,
Bartholemew,
Area Sales Manager,
Charles Parks,
Active,
Sales,
CO,
3440,
Xana,
Area Sales Manager,
Gregory Walker,
Active,
Sales,
KY,
3441,
Prater,
Area Sales Manager,
Tyler Lewis,
Active,
Sales,
NV,
3442,
Kaylah,
Area Sales Manager,
Ashley Scott,
Active,
IT/IS,
MA,
3443,
Kristen,
Area Sales Manager,
Lauren Jones,
Active,
IT/IS,
KY,
3444,
Bobby,
Area Sales Manager,
Matthew Jackson,
Active,
Sales,
KY,
3445,
Reid,
Area Sales Manager,
Michelle Mitchell,
Active,
Sales,
KY,
3446,
Hector,
Area Sales Manager,
Sydney French,
Active,
Sales,
TX,
3447,
Mariela,
Area Sales Manager,
Michelle Evans MD,
Future Start,
Sales,
TX,
3448,
Angela,
Area Sales Manager,
Patricia Cook,
Future Start,
Sales,
TX,
Grand Total,
